Row Labels;Jan;Feb;Mar;Apr;May;Jun;Jul;Aug;Sep;Oct;Nov;Dec;Grand Total,,,,,,,,,,,,
15s TR x 15//2 TR BK - Ihram Junior;;;;;;;;;;;50;20;70,,,,,,,,,,,,
15s TR x 15//2 TR BK - Ihram King;;;;;;;;;;;;20;20,,,,,,,,,,,,
15s TR x 15//2 TR BK - Ihram Standard;;;;;;;;;;101;573;715;1389,,,,,,,,,,,,
15s TR x 15//2 TR BK Classic Ihram Standard;;;;;;;20;415;225;;;;660,,,,,,,,,,,,
20s PE x 20//3 PE BK Ihram Standar Pick 34 Kain Ih;;;;;;;12;1;;;1;;14,,,,,,,,,,,,
20s PE x 20//3 PE BS Ihram Standar Pick 34 Kain Ih;;;;;;;;;;1;;;1,,,,,,,,,,,,
20s TR x 20//10 TR BK - Ihram Jumbo;;2;40;;;;;1;;15;25;;83,,,,,,,,,,,,
20s TR x 20//10 TR BK - Ihram Junior;40;;40;4;1;;11;145;80;37;48;5;411,,,,,,,,,,,,
20s TR x 20//10 TR BK - Ihram King;55,5;2;;4;7;;16;101;75;82;115;610;1067,5,,,,,,,,,,
20s TR x 20//10 TR BK - Ihram Medium;291,5;290;560;75;100;40;;313;;320;60;105;2154,5,,,,,,,,,,
20s TR x 20//10 TR BK - Ihram Standard;60;5;;19;1;560;115;213;354;111;425;596;2459,,,,,,,,,,,,
20s TR x 20//10 TR BK Exclusive Ihram Standard;;;;;;;;211;26;;;40;277,,,,,,,,,,,,
20s TR x 20//10 TR BK Ihram Junior Kain Ihram Maes;;;;;;;;20;;;;;20,,,,,,,,,,,,
20s TR x 20//10 TR BK Ihram King Kain Ihram Premiu;;;;;7;;;155;;;;;162,,,,,,,,,,,,
20s TR x 20//10 TR BK Ihram Standart Kain Ihram Ex;;;;;22;;;23;;;;;45,,,,,,,,,,,,
20s TR x 20//10 TR BS - Ihram Standard;;;;;;;;;;1;2;;3,,,,,,,,,,,,
30 S Anak BS Campur  Tidak Kemas;;;0,15;;;;;;;;;;0,15,,,,,,,,,,
30 S TR Black White BK - GD Black & White;2952;1099,6;879,5;445;571,05;960;728,5;348,05;505,05;525;600;640;10253,75,,,,,
30 S TR Black White BS - Tidak Kemas;;100;;;1;60;;;;;;;161,,,,,,,,,,,,
30 S TR Black White BS Parah - Tidak Kemas;;5;;;15;;8;;;;;5;33,,,,,,,,,,,,
30/2 TR x 30s TR//4 BK - GD Subaiyah;;;;;;;;;0,25;1;80,25;150,1;231,6,,,,,,,,
30/2 TR x 30s TR//4 BK Desain 1 Haliisii Subaiyah;;;45;;67,5;;1;70;;;;;183,5,,,,,,,,,,
30/2 TR x 30s TR//4 BK Desain 10 Haliisii Subaiyah;;;;;;;;;;;;125;125,,,,,,,,,,,,
30/2 TR x 30s TR//4 BK Desain 11 Haliisii Subaiyah;;;;;;;;;;;0,05;125;125,5,,,,,,,,,,
30/2 TR x 30s TR//4 BK Desain 12 Haliisii Subaiyah;;;;;;;;;;;;100;100,,,,,,,,,,,,
30/2 TR x 30s TR//4 BK Desain 2 Haliisii Subaiyah;;;50;;30,5;;1;60;;;;;141,5,,,,,,,,,,
30/2 TR x 30s TR//4 BK Desain 3 Haliisii Subaiyah;;;70;;32;;1;75;;;;;178,,,,,,,,,,,,
30/2 TR x 30s TR//4 BK Desain 4 Haliisii Subaiyah;;;5;;84,5;;1;60;;;;;150,5,,,,,,,,,,
30/2 TR x 30s TR//4 BK Desain 5 Haliisii Subaiyah;;;;;105,5;;1;60;;;;;166,5,,,,,,,,,,
30/2 TR x 30s TR//4 BK Desain 6 Haliisii Subaiyah;;;;;;;;;;;;145;145,,,,,,,,,,,,
30/2 TR x 30s TR//4 BK Desain 7 Haliisii Subaiyah;;;;;;;;;;;;135;135,,,,,,,,,,,,
30/2 TR x 30s TR//4 BK Desain 8 Haliisii Subaiyah;;;;;;;;;;;;120;120,,,,,,,,,,,,
30/2 TR x 30s TR//4 BK Desain 9 Haliisii Subaiyah;;;;;;;;;;;;125;125,,,,,,,,,,,,
30/S TR X 30/S TR BK Atl GD Asia Dp;10341,05;6180,1;12253,5;706,5;3087,1;845;;1023;601,1;2390;2535;2980;42942,35,,,,,
30/S TR X 30/S TR BK Atl GD Batavia;186;265,55;49;30;;;50;0,05;;70;;50;700,6,,,,,,,,,
30/S TR X 30/S TR BK Atl GD Mika Zipper;;;;;;;;;;80;;;80,,,,,,,,,,,,
30/S TR X 30/S TR BK Campur  GD Asia Dp;1105;2770;;;5;;10;25;;;250;780;4945,,,,,,,,,,,,
30/S TR X 30/S TR BK Campur  GD Batavia;125;18,5;;;;;;;;;;;143,5,,,,,,,,,,
30/S TR X 30/S TR BK Campur  Tidak Kemas;1,25;;;;;;;;0,55;;;;1,8,,,,,,,,,
30/S TR X 30/S TR BK Eslilin GD Asia Dp;510;700;80;;;;;;;;;;1290,,,,,,,,,,,,
30/S TR X 30/S TR BK MATAHARI GD Asia Dp;;;;;;;45;150;90;;;;285,,,,,,,,,,,,
30/S TR X 30/S TR BK Miring Lebar GD Asia Dp;540;150;5;;;;;;;;;;695,,,,,,,,,,,,
30/S TR X 30/S TR BK MULTY COLOUR GD Multi Color;955;23,6;2910,75;215;610;2025;463;377;500,05;710;610;745;10144,4,,,,,,,,
30/S TR X 30/S TR BK Polos Klir GD Asia Dp;57;125;276;1;10;10;;;;;;;479,,,,,,,,,,,,
30/S TR X 30/S TR BK Polos Klir Hitam GD JUNIOR DU;;80;25;25;20;20;65;;;;;;235,,,,,,,,,,,,
30/S TR X 30/S TR BK Polos Klir Junior Dus;;55;67;;;35;;75;10;;;10;252,,,,,,,,,,,,
30/S TR X 30/S TR_BS - GD Serumpun;1081;575;561,95;195,1;170;60;30;170;80;255;280;420;3878,5,,,,,,,,,
30/S TR X 30/S TR_BS Atl Ambarout Duplek;93;92,05;117;26,05;9,5;;50,5;;0,05;20;35;;443,15,,,,,,
30/S TR X 30/S TR_BS Atl GD Asia Dp;;715;;;;;;100;;;;;815,,,,,,,,,,,,
30/S TR X 30/S TR_BS Atl Pelopor Dp;45;1;30;;70;;;;;;;25;171,,,,,,,,,,,,
30/S TR X 30/S TR_BS Atl Pelopor Mika;;100;;25;110;;125;;;;100;;460,,,,,,,,,,,,
30/S TR X 30/S TR_BS Campur  Pelopor Dp;322;235,05;85;;;;;;;;;;642,5,,,,,,,,,,
30/S TR X 30/S TR_BS Campur  Pelopor Mika;;;;;215;;;;;;;;215,,,,,,,,,,,,
30/S TR X 30/S TR_BS Campur  Tidak Kemas;282;360;270,4;303;331;145;220;145;295;115;345;226,5;3037,9,,,,,,,,,
30/S TR X 30/S TR_BS MULTY COLOUR GD Multi Color;210;;;;;;;;;;;;210,,,,,,,,,,,,
30/S TR X 30s TR BS Parah Campur  Tidak Kemas;;10;125;;15;30;132;30;29;53;84;130;638,,,,,,,,,,,,
30s Anak CW BK Cabut Warna GD JUNIOR KEMBANG;645;425,05;371,3;45,5;150;205;165;540,05;186,1;395,6;300,05;137,55;3566,2,,,
30s CT x 30s CT BK - GD Warisan;30;169;352,5;35,35;5,6;25;103,7;61;26,35;115,65;30,05;17,5;971,7,,,
30s CT x 30s CT BK - GD Warisan PPC Monochrome;;;;;;;;;;;;25;25,,,,,,,,,,,,
30s CT x 30s CT BS - Tidak Kemas;;;34,4;0,6;;3;5,1;;;;;0,05;43,15,,,,,,,
30s Jacquard PJT BK - GD Serumpun;;1;;;;;;;;;;;1,,,,,,,,,,,,
30s TR x 20s RT BK Atl GD Mika Duplex;145;;;;;;;;;;;;145,,,,,,,,,,,,
30s TR x 30s TR BK - GD 4000 Spesial Monochrome;;;;;;;;;;;;5;5,,,,,,,,,,,,
30s TR x 30s TR BK - GD Asia Polos Tumpal Kembang ;92;196;594,5;76;325;25;120;40;0,1;215,1;315;221,5;2220,2,,,,,,,
30s TR x 30s TR BK - GD Kembang TMT;200;;;;;;;;;;;;200,,,,,,,,,,,,
30s TR x 30s TR BK - GD SAKURA;277;219,05;231,2;72,55;35,95;;48,1;27,25;13,25;205,2;108,6;121,55;1359,7,
30s TR x 30s TR BK ALOHA GD Asia Dp;;;;;;;80;145;150;;;30;405,,,,,,,,,,,,
30s TR x 30s TR BK ALOHA GD ASIA MERAH PUTIH;;;;;;25;80;35;165;55;30;40;430,,,,,,,,,,,,
30s TR x 30s TR BK ALOHA GD Asia Nusantara Duplex;;;;;;;;;;;;70;70,,,,,,,,,,,,
30s TR x 30s TR BK Atjeh Black Series GD Asia Kemb;;;;;;;;;;15;100;230;345,,,,,,,,,,,,
30s TR x 30s TR BK Atjeh GD Asia Kembang;;;;;;;;;100,1;40;200;130;470,1,,,,,,,,,,
30s TR x 30s TR BK Atjeh GD Kembang;;;;;;;;;100;50;;70;220,,,,,,,,,,,,
30s TR x 30s TR BK Atl AL EMIRATES;;;105;;;;2;;3,5;1,5;;;112,,,,,,,,,,
30s TR x 30s TR BK Atl GD ASIA MERAH PUTIH;4120,6;3146,7;462,05;2;15;;;;;620;;;8366,35,,,,,,,,
30s TR x 30s TR BK Atl GD Asia Nusantara Duplex;;;;;;;;;;1725;6950,1;6193;14868,1,,,,,,,,,,
30s TR x 30s TR BK Atl GD Mika Duplex;;;;;;;190;;;;;;190,,,,,,,,,,,,
30s TR x 30s TR BK Atl GD Mika Hanger;;;;;160;;140;;;;;;300,,,,,,,,,,,,
30s TR x 30s TR BK Atl GD Mika Zipper;;;;;;;;;;;;225;225,,,,,,,,,,,,
30s TR x 30s TR BK Atl GD Nusantara Duplex;;2120;6017,3;1072,75;885;2622,5;400;1370,05;2305,2;2240;450;;19482,8,,,,,,
30s TR x 30s TR BK Atl IBNU AL JAZEERA;;;78,65;5,5;;;;;;;;;84,15,,,,,,,,,
30s TR x 30s TR BK Bali GD Asia Dp;10;10;;;;;70;;75;100;25;30;320,,,,,,,,,,,,
30s TR x 30s TR BK Bali GD ASIA MERAH PUTIH;;100;;;;25;145;110;135;100;70;310;995,,,,,,,,,,,,
30s TR x 30s TR BK Batik Black Series GD Asia Kemb;;;;;;;;160;240;125,05;75;250;850,5,,,,,,,,,,
30s TR x 30s TR BK Batik GD Asia Kembang;;;;;;;55;715;220,1;500;105;320;1915,1,,,,,,,,,,
30s TR x 30s TR BK Batik GD Kembang;;;;;;;;80;;;;;80,,,,,,,,,,,,
30s TR x 30s TR BK Bitingan Besar GD Mika Zipper;135;15;100;;15;;;390;60;155;;1010;1880,,,,,,,,,,,,
30s TR x 30s TR BK Black & White GD 4MOTIF BLACK &;1512,1;2043;2631,3;65;;50;40;370;557,15;750,65;620,1;778,5;9417,8,,,,,
30s TR x 30s TR BK Black Series GD 4000 Spesial;;;;;;5;10;10;;;;;25,,,,,,,,,,,,
30s TR x 30s TR BK Black Series GD Asia Dp;;70;345;;;;;;;;;;415,,,,,,,,,,,,
30s TR x 30s TR BK Black Series GD Asia Kembang;;;;;565;446;50;510,5;620,1;415;1185;1100;4891,6,,,,,,,,,
30s TR x 30s TR BK Black Series GD ASIA POLOS TUMP;45;50;;;;30;205;240;;60,5;5;30;665,5,,,,,,,,,,
30s TR x 30s TR BK Black Series GD JUNIOR KEMBANG;;;60,05;10;15;15;;105;205;190;120;;720,5,,,,,,,,,,
30s TR x 30s TR BK Black Series GD Kembang;1380;1215;2075;260;445;200;610;505;;45;100;;6835,,,,,,,,,,,,
30s TR x 30s TR BK Black Series GD Mika Kembang;;;;;;;20;;;0,5;;;20,5,,,,,,,,,,
30s TR x 30s TR BK Black Series GD Nusantara Kemba;;;;;155;80;260;95;10;125;;;725,,,,,,,,,,,,
30s TR x 30s TR BK Borneo GD Asia Kembang;;;;;;15;335;90;50;100;5;25;620,,,,,,,,,,,,
30s TR x 30s TR BK Bugis GD Asia Kembang;;;;;;100;655;10;0,1;;270;25;1060,1,,,,,,,,,,
30s TR x 30s TR BK Cabut Warna AN NUR;;350;;;115;;;;;;;;465,,,,,,,,,,,,
30s TR x 30s TR BK Cabut Warna GD Asia Kembang;4337,6;2495,55;8983,8;288,5;4042;965,15;55,5;15,5;0,05;;;50;21233,65,,,
30s TR x 30s TR BK Cabut Warna GD Asia Nusantara K;;;;;;;;;0,1;500;2760,2;3805;7065,3,,,,,,,,,
30s TR x 30s TR BK Cabut Warna GD Kembang;13133;9461,05;10539,4;4372,3;2660,4;385;1058;1795;130;;1150;852;45536,15,,,,,,,
30s TR x 30s TR BK Cabut Warna GD Nusantara Kemban;;2595;11713;4490,15;2804;770;;0,05;0,1;;;;22372,3,,,,,,,,
30s TR x 30s TR BK Campur  Gajah Duduk Asia Prima ;;;;;;;;;;35,1;0,1;;35,2,,,,,,,,,
30s TR x 30s TR BK Campur  GD ASIA MERAH PUTIH;;;;;;;;;395;1030;280;260;1965,,,,,,,,,,,,
30s TR x 30s TR BK Campur  GD Asia Nusantara Duple;;;;;;;;;;400;105;120;625,,,,,,,,,,,,
30s TR x 30s TR BK Campur  GD Mika Duplex;;;;;;;;;50;;;;50,,,,,,,,,,,,
30s TR x 30s TR BK Campur  GD Mika Zipper;570;150;15;;;;;;50;300;;1165;2250,,,,,,,,,,,,
30s TR x 30s TR BK Campur  Junior Dus;451;384,05;36,15;20;75;115;195;0,05;110;65,1;170,1;150;1771,45,,,,,,
30s TR x 30s TR BK Celebes GD Asia Kembang;;;;;;65;730;20;10;200;120;25;1170,,,,,,,,,,,,
30s TR x 30s TR BK Classic Colour Series GD 4MOTIF;;;;;;;;;;285,05;500,1;190;975,15,,,,,,,,,
30s TR x 30s TR BK Classic GD Asia Dp;;;;;;460;1760;2630;625;70;;;5545,,,,,,,,,,,,
30s TR x 30s TR BK Classic GD Asia Kembang;;;;;;1202;5127,5;4820;4740,7;6295,85;6875,15;5166,25;34227,45,,,,,,
30s TR x 30s TR BK Classic GD ASIA MERAH PUTIH;;;;;;925,05;1540;735;2670,2;2440,6;1235,15;473,5;10019,5,,,,,,
30s TR x 30s TR BK Classic GD Kembang;;;;;;240;600;2295;990;1175;545;270;6115,,,,,,,,,,,,
30s TR x 30s TR BK CW 2 Warna GD Mika Kembang;2410;1794,05;3142,05;356,2;1451;405;633,5;282;79,05;;65;;10617,85,,,,,,
30s TR x 30s TR BK CW 2 WARNA GD Mika Kembang Mono;;123;;7,5;;;;765;300,2;663,9;715,2;223;2797,8,,,,,,,
30s TR x 30s TR BK Dark Brown RI;;;;;;;;;;;150,3;;150,3,,,,,,,,,,
30s TR x 30s TR BK Deep Black Tanpa Tumpal GD Asia;;;;;;110;110;100;25;85;;230;660,,,,,,,,,,,,
30s TR x 30s TR BK Deep Black Tanpa Tumpal GD Mika;;;;;;;;;;55,5;5;1;61,5,,,,,,,,,,
30s TR x 30s TR BK Deep Black Tumpal GD Asia Dp;;;;;;;10;;;;;;10,,,,,,,,,,,,
30s TR x 30s TR BK Deep Black Tumpal GD ASIA MERAH;;;;;;45;;65;50;35;55;124;374,,,,,,,,,,,,
30s TR x 30s TR BK Deep Black Tumpal GD Asia Nusan;;;;;;;;;;;;45;45,,,,,,,,,,,,
30s TR x 30s TR BK Diamond Black Series GD 4MOTIF ;;;;;;;;;;110;300,1;445;855,1,,,,,,,,,,
30s TR x 30s TR BK Dua Sisi GD ASIA MERAH PUTIH;;;;;;;;;115;40;;40;195,,,,,,,,,,,,
30s TR x 30s TR BK Eslilin GD ASIA MERAH PUTIH;50;150;;;;;;;;;;;200,,,,,,,,,,,,
30s TR x 30s TR BK Exclusive Bordir Gajah Duduk Mu;;;;;;;;;;100;30;60;190,,,,,,,,,,,,
30s TR x 30s TR BK Exclusive Colour Series GD 4MOT;;;;;;;;;;65;230,1;20,5;315,6,,,,,,,,,
30s TR x 30s TR BK HITAM POLOS GD Asia Dp;5;80;55,05;20,05;10;;;;;;;;170,1,,,,,,,,,
30s TR x 30s TR BK HITAM POLOS GD Mika Duplex;5;75;31,15;21,5;20,05;3;;;;;;;155,7,,,,,,,,
30s TR x 30s TR BK HITAM POLOS GD Mika Zipper;;;5;;;;;;;;;;5,,,,,,,,,,,,
30s TR x 30s TR BK Hitam Polos Tumpal GD Asia Dp;50;50;90;20;10;;40;;;;;;260,,,,,,,,,,,,
30s TR x 30s TR BK Hitam Polos Tumpal GD ASIA MERA;;;;;;;;;5;10;35;;50,,,,,,,,,,,,
30s TR x 30s TR BK Hitam Polos Tumpal GD JUNIOR DU;;;;;;;10;;20;;;;30,,,,,,,,,,,,
30s TR x 30s TR BK Hitam Polos Tumpal GD Mika Dupl;105;5;10;1;;25;15;;;;5;;166,,,,,,,,,,,,
30s TR x 30s TR BK Hitam Polos Tumpal GD Mika Zipp;25;41;25;;25;;;;;;;;116,,,,,,,,,,,,
30s TR x 30s TR BK Hitam Polos Tumpal GD Nusantara;;;;;10;;40;35;40;65;;;190,,,,,,,,,,,,
30s TR x 30s TR BK HUFA GD Prima Kembang;100;75;75;;;;;;;;;;250,,,,,,,,,,,,
30s TR x 30s TR BK Khatulistiwa GD Asia Dp;;;;;;;70;135;685;20;35;30;975,,,,,,,,,,,,
30s TR x 30s TR BK Khatulistiwa GD ASIA MERAH PUTI;;;;;;;45;45;110;10;;;210,,,,,,,,,,,,
30s TR x 30s TR BK Khatulistiwa GD Asia Nusantara ;;;;;;;;;;;;25;25,,,,,,,,,,,,
30s TR x 30s TR BK Lepas Parang Kain;;325;;;;;;358,5;;;;;683,5,,,,,,,,,,
30s TR x 30s TR BK Light Brown RI;;;;;;;;;;;150,3;;150,3,,,,,,,,,,
30s TR x 30s TR BK Liris GD Asia Dp;;;;;;220;80;25;125;110;115;55;730,,,,,,,,,,,,
30s TR x 30s TR BK Liris GD ASIA MERAH PUTIH;;;;;;150,05;215;230;160;390;470;105;1720,5,,,,,,,,,,
30s TR x 30s TR BK Liris GD Asia Nusantara Duplex;;;;;;;;;;;;60;60,,,,,,,,,,,,
30s TR x 30s TR BK Lurik RI Hitam;;150;;;;;;;;;297,65;;447,65,,,,,,,,,,
30s TR x 30s TR BK Lurik RI Putih;;150;;;;;;;;;;;150,,,,,,,,,,,,
30s TR x 30s TR BK Manggis GD Asia Dp;;;;;;;;10;100;100;55;;265,,,,,,,,,,,,
30s TR x 30s TR BK Manggis GD ASIA MERAH PUTIH;;;;;;;;;110;60;65;20;255,,,,,,,,,,,,
30s TR x 30s TR BK MATAHARI GD ASIA MERAH PUTIH;;;;;;;95;120;55;35;75;20;400,,,,,,,,,,,,
30s TR x 30s TR BK Medion GD Nusantara Kembang;;;;;;;;;;;212;;212,,,,,,,,,,,,
30s TR x 30s TR BK Melayu GD Asia Dp;;;;;;;10;45;50;100;25;30;260,,,,,,,,,,,,
30s TR x 30s TR BK Melayu GD ASIA MERAH PUTIH;;;;;;25;130;;115;35;;;305,,,,,,,,,,,,
30s TR x 30s TR BK Minang GD Asia Kembang;;;;;;;220;10;340,1;100;50;70;790,1,,,,,,,,,,
30s TR x 30s TR BK Miring Lebar GD ASIA MERAH PUTI;45;155;;;;;;;;;;;200,,,,,,,,,,,,
30s TR x 30s TR BK Mowilex GD Kembang;;;;;;;;;;;;375,1;375,1,,,,,,,,,,
30s TR x 30s TR BK MULTY COLOUR Gajah Duduk Asia P;;;;;;;;;;;0,1;;0,1,,,,,,,,,,
30s TR x 30s TR BK MULTY COLOUR GD 4MOTIF MULTICOL;1374,6;2754,55;1746,45;74,5;150;145;200;295;388,1;235,6;;597,5;7961,3,,,,
30s TR x 30s TR BK Padang GD Asia Kembang;;;;;;;180;100;380;100;50;70;880,,,,,,,,,,,,
30s TR x 30s TR BK Padang GD ASIA MERAH PUTIH;;;;;;140;185;175;90;35;30;;655,,,,,,,,,,,,
30s TR x 30s TR BK Padi GD Mika Zipper;155;15;150;0,05;40;50;;270;135;125;;750;1690,5,,,,,,,,,,
30s TR x 30s TR BK Polos Klir GD ASIA MERAH PUTIH;100;;;;;5;25;;;140;;25;295,,,,,,,,,,,,
30s TR x 30s TR BK Polos Klir GD Mika Duplex;;10;50;;50,05;;5;;;;;;115,5,,,,,,,,,,
30s TR x 30s TR BK Polos Klir Hitam GD Mika Duplex;;;5;;;;;;;;;;5,,,,,,,,,,,,
30s TR x 30s TR BK Polos Klir Hitam GD Mika Zipper;;29;;;;;;;;;;;29,,,,,,,,,,,,
30s TR x 30s TR BK Polos Klir Hitam Tumpal GD Mika;;;2;;;;;;;;;;2,,,,,,,,,,,,
30s TR x 30s TR BK Polos Tumpal Kembang GD Asia Nu;;;;;;;;;;;;25;25,,,,,,,,,,,,
30s TR x 30s TR BK PRINTING Tidak Kemas;0,05;;;;;;;;;;;;0,5,,,,,,,,,,
30s TR x 30s TR BK Pure White Tanpa Tumpal GD Asia;;;;;;105;40;50;15;60;;;270,,,,,,,,,,,,
30s TR x 30s TR BK Pure White Tumpal GD Asia Dp;;;;;;;30;;;;;;30,,,,,,,,,,,,
30s TR x 30s TR BK Pure White Tumpal GD ASIA MERAH;;;;;;;18,7;;;20;25;55;118,7,,,,,,,,,,
30s TR x 30s TR BK Pure White Tumpal GD Asia Nusan;;;;;;;;;;;;40;40,,,,,,,,,,,,
30s TR x 30s TR BK Putih Polos GD Asia Dp;;50;35,25;30;5;;;;;;;50;170,25,,,,,,,,,,
30s TR x 30s TR BK Putih Polos GD Mika Duplex;;;20;;15,05;5;;;;;;;40,5,,,,,,,,,,
30s TR x 30s TR BK Putih Polos GD Mika Zipper;;30;35,45;;35;30;;;;;;;130,45,,,,,,,,,,
30s TR x 30s TR BK Putih Polos Tanpa Tumpal GD Mik;;;;;;;;;;;10;41;51,,,,,,,,,,,,
30s TR x 30s TR BK Putih Polos Tumpal GD Asia Dp;;85;55;20;5;;;;;;;;165,,,,,,,,,,,,
30s TR x 30s TR BK Putih Polos Tumpal GD Mika Dupl;20;;7;6;;10;;;;;;;43,,,,,,,,,,,,
30s TR x 30s TR BK Putih Polos Tumpal GD Mika Zipp;60;50;0,05;;;;;;;;10;;120,5,,,,,,,,,,
30s TR x 30s TR BK Putih Polos Tumpal GD Nusantara;;;;;;;;;55;5;5;;65,,,,,,,,,,,,
30s TR x 30s TR BK Sakura GD Warisan Damasraya;;125;;;;;;;;;;;125,,,,,,,,,,,,
30s TR x 30s TR BK Samarinda GD Asia Kembang;;;;;;55;575;425;385,1;110;55;90;1695,1,,,,,,,,,,
30s TR x 30s TR BK Sasambo GD Asia Kembang;;;;;;;;;;;50;75;125,,,,,,,,,,,,
30s TR x 30s TR BK Solid Color GD Asia Dp;;;;;;10;;;;;;;10,,,,,,,,,,,,
30s TR x 30s TR BK Solid Color GD ASIA MERAH PUTIH;;;;;;5;;;;;;;5,,,,,,,,,,,,
30s TR x 30s TR BK Solid Color Tanpa Tumpal GD Asi;;;;;;10;25;65;100;10;;30;240,,,,,,,,,,,,
30s TR x 30s TR BK Solid Color Tanpa Tumpal GD Mik;;;;;;;;;45;50;;;95,,,,,,,,,,,,
30s TR x 30s TR BK Solid Color Tumpal GD Asia Dp;;;;;;;25;;;5;;25;55,,,,,,,,,,,,
30s TR x 30s TR BK Solid Color Tumpal GD ASIA MERA;;;;;;15;25;140;;30;30;;240,,,,,,,,,,,,
30s TR x 30s TR BK Solid Color Tumpal GD Asia Nusa;;;;;;;;;;50;110;55;215,,,,,,,,,,,,
30s TR x 30s TR BK Solid Color Tumpal GD Mika Dupl;;;;;;;;;;30;;;30,,,,,,,,,,,,
30s TR x 30s TR BK Super Klir GD Mika Zipper;75;;25;;20;25;;;60;;;;205,,,,,,,,,,,,
30s TR x 30s TR BK Tumpal Black Series GD Asia Nus;;;;;;;;;;;;25;25,,,,,,,,,,,,
30s TR x 30s TR BK Tumpal Kembang GD ASIA POLOS TU;1055;676,1;527,05;0,55;85;70;50;305;5,1;50;40;90;2953,8,,,,,,,
30s TR x 30s TR BK White Series GD Mika Kembang;;;;;;;;60;180;170,5;175;0,2;585,7,,,,,,,,,
30s TR x 30s TR BS - GD Ambarout Kembang Monochrom;137,5;690,5;1241,5;93;715;295;620;300;335;385,6;230,05;55;5098,15,,,,,,
30s TR x 30s TR BS - GD Ragam Motif;275;1095,55;480,05;;50;525;10;;;60;275;200;2970,6,,,,,,,,,
30s TR x 30s TR BS - Tidak Kemas;25;;;;;;;;;30;;22;77,,,,,,,,,,,,
30s TR x 30s TR BS 4000 Special Tidak Kemas;;1,8;8,05;;;12;;;;;;12,5;34,35,,,,,,,,
30s TR x 30s TR BS ALOHA GD Nusantara Duplex;;;;;;;5;125;;;;;130,,,,,,,,,,,,
30s TR x 30s TR BS Atl GD Mika Hanger;;390,05;350;;;180;;;250;370;0,1;;1540,15,,,,,,,,,
30s TR x 30s TR BS Atl GD Nusantara Duplex;;;150;755;;;;;;955;220;30;2110,,,,,,,,,,,,
30s TR x 30s TR BS Atl GD Sarjah DP;;;210;;;40;;;;;;0,1;250,1,,,,,,,,,,
30s TR x 30s TR BS Bali GD Nusantara Duplex;;;;;;;60;50;;15;;;125,,,,,,,,,,,,
30s TR x 30s TR BS Black & White Tidak Kemas;;;;;;;;;30;;;;30,,,,,,,,,,,,
30s TR x 30s TR BS Black Series GD Nusantara Kemba;;;;;;;;50;160;105;120;510;945,,,,,,,,,,,,
30s TR x 30s TR BS Cabut Warna AMBAROT KEMBANG;1360;1714,05;295,85;;10;25;;;110;15;;;3529,9,,,,,,,,,
30s TR x 30s TR BS Cabut Warna GD Asia Kembang;;900;;;;;;;;;;;900,,,,,,,,,,,,
30s TR x 30s TR BS Cabut Warna GD Kembang;;535;;;;;;;;;;;535,,,,,,,,,,,,
30s TR x 30s TR BS Cabut Warna GD Sarjah Kembang;;;400;200;705;805;265;;;;;0,1;2375,1,,,,,,,,,,
30s TR x 30s TR BS Campur  Gajah Duduk Ragam Motif;;;;;;;;;;75,1;10,05;;85,15,,,,,,,,,
30s TR x 30s TR BS Campur  GD Mika Hanger;20;130,05;50;25;40;20;10;;;90;540;;925,5,,,,,,,,,,
30s TR x 30s TR BS Campur  GD Nusantara Duplex;;;;;;;155;415;395;790;35;;1790,,,,,,,,,,,,
30s TR x 30s TR BS Classic GD Nusantara Duplex;;;;;;70;95;315;;75;0,1;;555,1,,,,,,,,,,
30s TR x 30s TR BS Classic GD Nusantara Kembang;;;;;;1970;2710;3973;5680,2;5486,5;6335;1075;27229,7,,,,,,,,,
30s TR x 30s TR BS Deep Black Tanpa Tumpal GD Nusa;;;;;;;;;;135;;;135,,,,,,,,,,,,
30s TR x 30s TR BS Eslilin GD Sarjah DP;;;25;;30;20;;;;;;;75,,,,,,,,,,,,
30s TR x 30s TR BS HITAM POLOS GD Sarjah DP;;;25;;;25;;;;;;;50,,,,,,,,,,,,
30s TR x 30s TR BS Hitam Polos Tumpal GD Mika Hang;;;;;;;;;;;150;;150,,,,,,,,,,,,
30s TR x 30s TR BS Hitam Polos Tumpal GD Sarjah DP;;;;;40;20;;;;;;;60,,,,,,,,,,,,
30s TR x 30s TR BS Khatulistiwa GD Nusantara Duple;;;;;;;;25;;;;;25,,,,,,,,,,,,
30s TR x 30s TR BS Liris GD Nusantara Duplex;;;;;;;85;95;25;400;;;605,,,,,,,,,,,,
30s TR x 30s TR BS Mika Kembang Tidak Kemas;10,5;;19,15;;47;29;15;;;100;;13;233,65,,,,,,,,,
30s TR x 30s TR BS MULTY COLOUR GD Ragam Motif;40;;;;;;;;;;;;40,,,,,,,,,,,,
30s TR x 30s TR BS Parah 4000 Special Tidak Kemas;;;;;15;;;;;;;;15,,,,,,,,,,,,
30s TR x 30s TR BS Parah Mika Kembang Tidak Kemas;;;;;45;;;;;;;;45,,,,,,,,,,,,
30s TR x 30s TR BS Polos Klir GD Sarjah DP;;;25;;;40;;;;;;;65,,,,,,,,,,,,
30s TR x 30s TR BS Polos Klir Tidak Kemas;;;;;;;;;;;;27;27,,,,,,,,,,,,
30s TR x 30s TR BS PRIMA KEMBANG Tidak Kemas;;;0,1;;;;;;;;;50;50,1,,,,,,,,,,
30s TR x 30s TR BS Pure White Tumpal GD Nusantara ;;;;;;;;10;;;;;10,,,,,,,,,,,,
30s TR x 30s TR BS Putih Polos GD Sarjah DP;;;25;;;20;;;;;;;45,,,,,,,,,,,,
30s TR x 30s TR BS Putih Polos Tumpal GD Sarjah DP;;;;;30;40;;;;;;;70,,,,,,,,,,,,
30s TR x 30s TR BS Royale Motif GD Serumpun Monoch;;;;;;;;;;;;2;2,,,,,,,,,,,,
30s TR x 30s TR BS Solid Color GD Nusantara Duplex;;;;;;;;;;100;;;100,,,,,,,,,,,,
30s TR x 30s TR BS Solid Color Tanpa Tumpal GD Nus;;;;;;;;;20;;;;20,,,,,,,,,,,,
30s TR x 30s TR BS Tumpal Kembang Tidak Kemas;100;0,2;40,05;;;;;;;;;2;142,25,,,,,,,,,
30S TR x 30S TR CW PRT BK - Tidak Kemas;0,05;;;;;;;;;;;;0,5,,,,,,,,,,
30S TR x 30S TR CW PRT BK Campur  GD 4000 Spesial;10;;;;;;;;;;;;10,,,,,,,,,,,,
30S TR x 30S TR CW PRT BS - Tidak Kemas;605,5;468,75;485,5;167,25;94;425;240;125;157;530;310;651,5;4259,5,,,,,,
30s TR x 30s TR CW PRT BS Parah - Tidak Kemas;620;228;181,05;84;280;145;255;155;90;195;260;210;2703,5,,,,,,,,,,
30s TR x 30s TR Dobby BK Black & White GD Asia Pri;55;;40;10;;;;;;;110,1;50;265,1,,,,,,,,,,
30s TR x 30s TR Dobby BK Campur  GD Asia Prima;220;265,05;450,45;50,1;175;375;125;100;110,15;0,05;180;303;2353,8,,,,,,
30s TR x 30s TR Dobby BK MULTY COLOUR GD Asia Prim;;;;;;;;;50;;85;50;185,,,,,,,,,,,,
30s TR x 30s TR Print 4000 SPC BK Cabut Warna GD 4;890,5;795,1;899,75;226,7;157,1;225,1;145,25;381,35;402,3;0,1;0,7;395;4518,95
30S TR x 30S TR PRT BK - GD Prima Kembang OPP;;10,05;;;;;;0,05;0,1;0,05;;;10,25,,,,,,,
30S TR x 30S TR PRT BK Campur  GD Prima Kembang;1703;516,5;1127,5;111,55;350;350;210;270;160,2;255,1;280;413;5746,85,,,,,,
30S TR x 30S TR PRT BS - GD Prima Kembang;;30;;;;;;;;;;;30,,,,,,,,,,,,
30s TR x 30s TR+40/2 TR Kepyur BK Atl GD Mika Zipp;;;;;;;60;80;;;;;140,,,,,,,,,,,,
30s TR x 30s TR+40/2 TR Kepyur BK Bitingan Besar G;50;175;230;55;215;165;125;95;140;95;;;1345,,,,,,,,,,,,
30s TR x 30s TR+40/2 TR Kepyur BK Campur  GD Mika ;1225;1778,55;164,95;50;300;815;395;110;815;375;;;6028,5,,,,,,,,,
30s TR x 30s TR+40/2 TR Kepyur BK Deep Black Tanpa;;;;;;25,05;50;285;55,05;25,05;;;440,15,,,,,,,,
30s TR x 30s TR+40/2 TR Kepyur BK Deep Black Tumpa;;;;;;50;;;;5;;44,5;99,5,,,,,,,,,,
30s TR x 30s TR+40/2 TR Kepyur BK Padi GD Mika Zip;100;190;205;40;310;195;275;160;25;90;;;1590,,,,,,,,,,,,
30s TR x 30s TR+40/2 TR Kepyur BK Polos Klir Hitam;;;5;;;;;;;;;;5,,,,,,,,,,,,
30s TR x 30s TR+40/2 TR Kepyur BK Polos Klir Mika ;110;50;30;25;25;80;;;;;;;320,,,,,,,,,,,,
30s TR x 30s TR+40/2 TR Kepyur BK Pure White Tanpa;;;;;;30;40;170;25;0,05;5;;270,5,,,,,,,,,,
30s TR x 30s TR+40/2 TR Kepyur BK Pure White Tumpa;;;;;;15;35;;20;;5;;75,,,,,,,,,,,,
30s TR x 30s TR+40/2 TR Kepyur BK Putih Polos GD M;;;;1;;;;;;;;;1,,,,,,,,,,,,
30s TR x 30s TR+40/2 TR Kepyur BK Putih Polos Tump;;7;;;;;;;;;;;7,,,,,,,,,,,,
30s TR x 30s TR+40/2 TR Kepyur BK Solid Color Tump;;;;;;170;40;40;;;;;250,,,,,,,,,,,,
30s TR x 30s TR+40/2 TR Kepyur BK Super Klir GD Mi;5;;;5;35;85;5;;0,1;;;;135,1,,,,,,,,,,
30s TR x 30s TR+40/2 TR Kepyur BS Atl GD Mika Dupl;565;50;;;25;140;;;;;;;780,,,,,,,,,,,,
30s TR x 30s TR+40/2 TR Kepyur BS Atl GD Mika Hang;;;;;;;;200;;;;;200,,,,,,,,,,,,
30s TR x 30s TR+45/2 TR Kepyur BK Atl GD Mika Dp M;;417,5;310;100;;160;145;385;160,1;265,15;480;85,5;2508,25,,,,,,,
30s TR x 30s TR+45/2 TR Kepyur BK Bitingan Besar G;;;;;;;;;;335;710;90;1135,,,,,,,,,,,,
30s TR x 30s TR+45/2 TR Kepyur BK Bitingan Besar N;;;;;;;;;25;;;;25,,,,,,,,,,,,
30s TR x 30s TR+45/2 TR Kepyur BK Campur  GD Mika ;;;;;;;;;;;410;20;430,,,,,,,,,,,,
30s TR x 30s TR+45/2 TR Kepyur BK Padi GD Mika Zip;;;;;;;;;;280;655;110;1045,,,,,,,,,,,,
30s TR x 30s TR+45/2 TR Kepyur BK Padi New Kepyur ;;;;;;;;;25;;;;25,,,,,,,,,,,,
30s TR x 30s TR+45/2 TR Kepyur BK Super Klir New K;;;;;;;;;;15;;;15,,,,,,,,,,,,
30s TR x 40s RAYON BK - GD Maestro;;;;;;;;;0,2;20,6;76,05;56,55;153,4,,,,,,,
30s TR x 40s RAYON BK GD Maestro Baju Muslim Koko;;;;14;19;;;;;;;1;34,,,,,,,,,,,,
30s TR x 45s TR BK - GD Maestro;266;116,55;202,2;10;1;;2,1;;;;;;597,85,,,,,,,,
30s TR x 45s TR BK Campur  GD Songket;345;503;285,75;5,6;42,15;15;5,3;35,15;19,25;71;;106,9;1434,1,,,,
30s TR x 45s TR BS - Tidak Kemas;;;;;;;0,05;;0,05;;;;0,1,,,,,,,,,
30s TR x 45s TR+45s TTN BK - GD 5000 Exclusive;231,5;129;31,65;0,7;86,85;50,1;27,25;76,35;60,3;50,15;65,05;125,2;934,1
30s TR x 45s TR+45s TTN BS - GD Mutiara Kembang;;32,05;7,45;;5;125;25;;;0,1;;;194,6,,,,,,,,
30s TR x 45s TR+45s TTN BS - Tidak Kemas;;;0,05;;;;;;;;;;0,5,,,,,,,,,,
30s TR+40/2 TR Kpr x 30s TR+40/2 TR Kpr BK Atl GD ;1150;1822,1;955;25;80,05;80;;142,05;225,1;;;472,5;4951,8,,,,,,
30s TR+40/2 TR Kpr x 30s TR+40/2 TR Kpr BK Gd Piur;626;829,55;777,8;100;310;180;;;25,1;25,1;130,1;455;3458,65,,,,,,
30s TR+40/2 TR Kpr x 30s TR+40/2 TR Kpr BS - Tidak;18;;;;;;;;;;;;18,,,,,,,,,,,,
45/S TR X 45/S TR BS Campur  GD Mutiara;50;;;25;;100;;;3,05;0,1;0,1;;178,25,,,,,,,,
45/S TR X 45/S TR BS Campur  GD Tanjir 5000;145;300;130;25;;;;;;;25,1;100;725,1,,,,,,,,,,
45s TR x 40//2 RY TWOPLY BK - GD 7000 Exclusive;180;196;77,65;6;106,1;215;2,25;31;2,2;50;;121;987,2,,,,,,,
45s TR x 40//2 RY TWOPLY BS - Tidak Kemas;;;;;;;;;;25;;;25,,,,,,,,,,,,
45s TR x 45s TR BK - GD 7000 Exclusive;;;;;;;;35;;;;;35,,,,,,,,,,,,
45s TR x 45s TR BK Campur  GD 5000 B;225;425;100;25;100;150;;;0,15;100;10,05;200;1335,2,,,,,,,,,
45s TR x 55s TR BK - GD 7000 Buku;780,1;378,55;270;106,8;75,2;;0,1;;65,1;10;130;200;2015,85,,,,,
45s TR x 55s TR BK 7000 Buku GD 7000 Buku;;;;;250;;;;;;;;250,,,,,,,,,,,,
45s TR x 55s TR BS - GD Berlian;30;226,5;110;50,4;;;;;0,5;;50;;467,4,,,,,,,,
45s TR x 55s TR DOBBY BK - GD 7000 Buku;;170;145,05;;;;0,1;152,5;0,1;50;50;30;597,75,,,,,,,
55/2 Jacquard BK Campur  GD Signature;515;744,9;891,1;141,7;30,3;5,05;10,1;35,25;72,4;137,6;95;153,75;2832,15,
55/2 Jacquard BK Campur  Tidak Kemas;;15,2;0,7;;;;;;;25,05;;145;185,95,,,,,,,,
55/2 Jacquard Bs Campur  GD Serumpun;5;;;;;;;;;;;;5,,,,,,,,,,,,
55/2 Jacquard Bs Campur  Menara Kuala Lumpur;550;205;603,35;111,25;10;;65;25;37,05;140,1;0,1;3;1749,85,,,,,,
55/2 Jacquard BS Parah Campur  Tidak Kemas;;;0,2;;;;;;;;;;0,2,,,,,,,,,,
55/2 TR x 40s Bamboo BK Maestro GD Maestro;97,5;;418,4;72,55;115;52,75;52,6;82,8;139,55;155;55;22,5;1263,65,,,
55/2 TR x 40s RY + 120D BK Silky GD Ultimate Premi;38,8;34,1;38,15;6,95;20,35;20;2,4;5,4;1,35;10,3;20,05;8;205,85,
55/2 TR x 40s RY + 120D Viscose BS - Tidak Kemas;;15;0,05;0,05;;;;;;0,05;;34;49,15,,,,,,,,
55/2 TR x 40s RY + 120D Viscose BS Silky Tidak Kem;50;0,6;1;;;;;;;;;2,1;53,7,,,,,,,,,
55/2 TR x 45s TR BK Invinity GD Invinity;15;36,55;103,3;20,3;35,55;15,1;2,15;1;1,2;10,15;65,25;24,05;329,6,
60/2 Jaquard BK - GD Maestro;;;20;;;;;;;;;;20,,,,,,,,,,,,
AFFAL BESAR - Tidak Kemas;774;1039;727;;1111;;966;527;709;1239;728;1102;8922,,,,,,,,,,,,
AFFAL KECIL - Tidak Kemas;177;258;341;;89;;45;;;;;;910,,,,,,,,,,,,
Bamus - GD Thobe;;;;3;7;;;;;;;;10,,,,,,,,,,,,
Bamus Ambarout Long Baju Muslim;;;;;;;;;1;;;;1,,,,,,,,,,,,
Bamus Ambarout Short Baju Muslim;;;;4;7;;;;1;;;;12,,,,,,,,,,,,
Bamus Casual Long Baju Muslim Koko;;;;12;3;;;;;;;;15,,,,,,,,,,,,
Bamus Casual Short Baju Muslim Koko;;;;12;10;;1;;;;;;23,,,,,,,,,,,,
Bamus Classic Long Baju Muslim Koko;;;;;2;;;1;;;;;3,,,,,,,,,,,,
Bamus Exclusive GD Mukena;;;;7;8;;;;;;38;;53,,,,,,,,,,,,
Bamus Gajah Duduk Pashmina;;;;2;3;;;;;;;;5,,,,,,,,,,,,
Bamus Gajah Duduk Songkok;;;;18;16;1;3;2;2;;48;;90,,,,,,,,,,,,
Bamus GD Crinkle Mukena;;;;1;1;2;;;;;;;4,,,,,,,,,,,,
Bamus GD Long Kurta;;;;1;;;;;;;;;1,,,,,,,,,,,,
Bamus GD Maestro Bordir Songkok;;;;6;17;1;;;;1;41;;66,,,,,,,,,,,,
Bamus GD Mecca Print Hijab;;;;3;;;;;;;;1;4,,,,,,,,,,,,
Bamus GD Polos Hijab;;;;11;4;;1;;;;;;16,,,,,,,,,,,,
Bamus Jacquard GD Batik;;;;1;1;;;;;;;;2,,,,,,,,,,,,
Bamus Maestro Classic Short Baju Muslim;;;;2;1;;;;;1;;;4,,,,,,,,,,,,
Bamus Motif Bali GD Mukena;;;;7;1;;3;;;;;1;12,,,,,,,,,,,,
Mukena Crinkle GD Mukena;;14,1;;;;;;;;;;;14,1,,,,,,,,,,
Mukena Exclusive GD Mukena;;2,4;;;;;;;;;;;2,4,,,,,,,,,,
Mukena Motif Bali GD Mukena;;14,1;;;;;;;;;;;14,1,,,,,,,,,,
Peci Premium GD Peci;;4;;;;1;;;;;;;5,,,,,,,,,,,,
Sarung Elegant Diamond MGS GD Sarung Tradisi;;;;;;;;;;;0,15;0,25;0,4,,,,,,,,,
Sarung Elegant Emerald MGT GD Sarung Tradisi;;;;;;;;;;;0,1;2;2,1,,,,,,,,,,
Sarung Luxury Diamond SGE/F GD Sarung Tradisi;;;;;;;;;;;0,15;0,75;0,9,,,,,,,,,
Sarung Luxury Diamond SGF GD Sarung Tradisi;;;;;;;;;;;0,05;;0,5,,,,,,,,,,
Sarung Luxury Emerald SGS GD Sarung Tradisi;;;;;;;;;;;0,1;0,25;0,35,,,,,,,,,
Sarung Luxury Emerald SGT GD Sarung Tradisi;;;;;;;;;;;0,05;0,25;0,3,,,,,,,,,
Sarung Luxury Emerald SGT SUTRA GD Sarung Tradisi;;;;;;;;;;;;0,25;0,25,,,,,,,,,,
Sarung MGT GD Sarung Tradisi;;;;;3;;;;;;;;3,,,,,,,,,,,,
Sarung Otentik MGT GD Sarung Tradisi;;;;1;7;2,65;;0,05;;;;;10,7,,,,,,,,,
Sarung Prestige Diamond MGT SUTRA GD Sarung Tradis;;;;;;;;;;;0,15;0,25;0,4,,,,,,,,,
Sarung Prestige Diamond SKT GD Sarung Tradisi;;;;;;;;;;;;0,25;0,25,,,,,,,,,,
Sarung Prestige Emerald SGI GD Sarung Tradisi;;;;;;;;;;;0,1;0,25;0,35,,,,,,,,,
Sarung Prestige SGE/SGF GD Sarung Tradisi;;;;10;2;;;;;;;;12,,,,,,,,,,,,
Sarung Prestige SGF GD Sarung Tradisi;;;;2;;;;;;;;;2,,,,,,,,,,,,
Sarung Prestige SGT GD Sarung Tradisi;;;;;3;;;0,5;;;;;3,5,,,,,,,,,,
Sarung SGE GD Sarung Tradisi;;;;;2,15;;;;;;;;2,15,,,,,,,,,,
Sarung SGE/SGF GD Sarung Tradisi;;;;1;3,1;;;;;;;;4,1,,,,,,,,,,
Sarung SGT GD Sarung Tradisi;;;;;7,9;;;;;;;;7,9,,,,,,,,,,
Songkok Ambarout Songkok;;;;;;;3;2;3;;48;;56,,,,,,,,,,,,
Songkok Mecca Songkok;;;;;;;;;;;48;;48,,,,,,,,,,,,
TC x TC Gramasi Ihram Standard;;;;;;;;;100;;50;;150,,,,,,,,,,,,
Grand Total;66366,2;64122,55;83093,15;16296,1;26385,55;24053,55;27459,75;35464,5;32920,75;43218;47933,55;44881,55;512195,2
;;;;;;;;;;;;;,,,,,,,,,,,,
;;;;;;;;;;;;;,,,,,,,,,,,,
;;;;;;;;;;;;;,,,,,,,,,,,,
;;;;;;;;;;;;;,,,,,,,,,,,,
;;;;;;;;;;;;;,,,,,,,,,,,,
;;;;;;;;;;;;;,,,,,,,,,,,,
;;;;;;;;;;;;;,,,,,,,,,,,,
;;;;;;;;;;;;;,,,,,,,,,,,,
;;;;;;;;;;;;;,,,,,,,,,,,,
;;;;;;;;;;;;;,,,,,,,,,,,,
;;;;;;;;;;;;;,,,,,,,,,,,,
;;;;;;;;;;;;;,,,,,,,,,,,,
;;;;;;;;;;;;;,,,,,,,,,,,,
;;;;;;;;;;;;;,,,,,,,,,,,,
;;;;;;;;;;;;;,,,,,,,,,,,,
;;;;;;;;;;;;;,,,,,,,,,,,,
;;;;;;;;;;;;;,,,,,,,,,,,,
;;;;;;;;;;;;;,,,,,,,,,,,,
;;;;;;;;;;;;;,,,,,,,,,,,,
;;;;;;;;;;;;;,,,,,,,,,,,,
;;;;;;;;;;;;;,,,,,,,,,,,,
;;;;;;;;;;;;;,,,,,,,,,,,,
;;;;;;;;;;;;;,,,,,,,,,,,,
;;;;;;;;;;;;;,,,,,,,,,,,,
;;;;;;;;;;;;;,,,,,,,,,,,,
;;;;;;;;;;;;;,,,,,,,,,,,,
;;;;;;;;;;;;;,,,,,,,,,,,,
;;;;;;;;;;;;;,,,,,,,,,,,,
;;;;;;;;;;;;;,,,,,,,,,,,,
;;;;;;;;;;;;;,,,,,,,,,,,,
;;;;;;;;;;;;;,,,,,,,,,,,,
;;;;;;;;;;;;;,,,,,,,,,,,,
;;;;;;;;;;;;;,,,,,,,,,,,,
;;;;;;;;;;;;;,,,,,,,,,,,,
;;;;;;;;;;;;;,,,,,,,,,,,,
;;;;;;;;;;;;;,,,,,,,,,,,,
;;;;;;;;;;;;;,,,,,,,,,,,,
;;;;;;;;;;;;;,,,,,,,,,,,,
;;;;;;;;;;;;;,,,,,,,,,,,,
;;;;;;;;;;;;;,,,,,,,,,,,,
;;;;;;;;;;;;;,,,,,,,,,,,,
;;;;;;;;;;;;;,,,,,,,,,,,,
;;;;;;;;;;;;;,,,,,,,,,,,,
;;;;;;;;;;;;;,,,,,,,,,,,,
;;;;;;;;;;;;;,,,,,,,,,,,,
;;;;;;;;;;;;;,,,,,,,,,,,,
;;;;;;;;;;;;;,,,,,,,,,,,,
;;;;;;;;;;;;;,,,,,,,,,,,,
;;;;;;;;;;;;;,,,,,,,,,,,,
;;;;;;;;;;;;;,,,,,,,,,,,,
;;;;;;;;;;;;;,,,,,,,,,,,,
;;;;;;;;;;;;;,,,,,,,,,,,,
;;;;;;;;;;;;;,,,,,,,,,,,,
;;;;;;;;;;;;;,,,,,,,,,,,,
;;;;;;;;;;;;;,,,,,,,,,,,,
;;;;;;;;;;;;;,,,,,,,,,,,,
;;;;;;;;;;;;;,,,,,,,,,,,,
;;;;;;;;;;;;;,,,,,,,,,,,,
;;;;;;;;;;;;;,,,,,,,,,,,,
;;;;;;;;;;;;;,,,,,,,,,,,,
;;;;;;;;;;;;;,,,,,,,,,,,,
;;;;;;;;;;;;;,,,,,,,,,,,,
;;;;;;;;;;;;;,,,,,,,,,,,,
;;;;;;;;;;;;;,,,,,,,,,,,,
;;;;;;;;;;;;;,,,,,,,,,,,,
;;;;;;;;;;;;;,,,,,,,,,,,,
;;;;;;;;;;;;;,,,,,,,,,,,,
;;;;;;;;;;;;;,,,,,,,,,,,,
;;;;;;;;;;;;;,,,,,,,,,,,,
;;;;;;;;;;;;;,,,,,,,,,,,,
;;;;;;;;;;;;;,,,,,,,,,,,,
;;;;;;;;;;;;;,,,,,,,,,,,,
;;;;;;;;;;;;;,,,,,,,,,,,,
;;;;;;;;;;;;;,,,,,,,,,,,,
;;;;;;;;;;;;;,,,,,,,,,,,,
;;;;;;;;;;;;;,,,,,,,,,,,,
;;;;;;;;;;;;;,,,,,,,,,,,,
;;;;;;;;;;;;;,,,,,,,,,,,,
;;;;;;;;;;;;;,,,,,,,,,,,,
;;;;;;;;;;;;;,,,,,,,,,,,,
;;;;;;;;;;;;;,,,,,,,,,,,,
;;;;;;;;;;;;;,,,,,,,,,,,,
;;;;;;;;;;;;;,,,,,,,,,,,,
;;;;;;;;;;;;;,,,,,,,,,,,,
;;;;;;;;;;;;;,,,,,,,,,,,,
;;;;;;;;;;;;;,,,,,,,,,,,,
;;;;;;;;;;;;;,,,,,,,,,,,,
;;;;;;;;;;;;;,,,,,,,,,,,,
;;;;;;;;;;;;;,,,,,,,,,,,,
;;;;;;;;;;;;;,,,,,,,,,,,,
;;;;;;;;;;;;;,,,,,,,,,,,,
;;;;;;;;;;;;;,,,,,,,,,,,,
;;;;;;;;;;;;;,,,,,,,,,,,,
;;;;;;;;;;;;;,,,,,,,,,,,,
;;;;;;;;;;;;;,,,,,,,,,,,,
;;;;;;;;;;;;;,,,,,,,,,,,,
;;;;;;;;;;;;;,,,,,,,,,,,,
;;;;;;;;;;;;;,,,,,,,,,,,,
;;;;;;;;;;;;;,,,,,,,,,,,,
;;;;;;;;;;;;;,,,,,,,,,,,,
;;;;;;;;;;;;;,,,,,,,,,,,,
;;;;;;;;;;;;;,,,,,,,,,,,,
;;;;;;;;;;;;;,,,,,,,,,,,,
;;;;;;;;;;;;;,,,,,,,,,,,,
;;;;;;;;;;;;;,,,,,,,,,,,,
;;;;;;;;;;;;;,,,,,,,,,,,,
;;;;;;;;;;;;;,,,,,,,,,,,,
;;;;;;;;;;;;;,,,,,,,,,,,,
;;;;;;;;;;;;;,,,,,,,,,,,,
;;;;;;;;;;;;;,,,,,,,,,,,,
;;;;;;;;;;;;;,,,,,,,,,,,,
;;;;;;;;;;;;;,,,,,,,,,,,,
;;;;;;;;;;;;;,,,,,,,,,,,,
;;;;;;;;;;;;;,,,,,,,,,,,,
;;;;;;;;;;;;;,,,,,,,,,,,,
;;;;;;;;;;;;;,,,,,,,,,,,,
;;;;;;;;;;;;;,,,,,,,,,,,,
;;;;;;;;;;;;;,,,,,,,,,,,,
;;;;;;;;;;;;;,,,,,,,,,,,,
;;;;;;;;;;;;;,,,,,,,,,,,,
;;;;;;;;;;;;;,,,,,,,,,,,,
;;;;;;;;;;;;;,,,,,,,,,,,,
;;;;;;;;;;;;;,,,,,,,,,,,,
;;;;;;;;;;;;;,,,,,,,,,,,,
;;;;;;;;;;;;;,,,,,,,,,,,,
;;;;;;;;;;;;;,,,,,,,,,,,,
;;;;;;;;;;;;;,,,,,,,,,,,,
;;;;;;;;;;;;;,,,,,,,,,,,,
;;;;;;;;;;;;;,,,,,,,,,,,,
;;;;;;;;;;;;;,,,,,,,,,,,,
;;;;;;;;;;;;;,,,,,,,,,,,,
;;;;;;;;;;;;;,,,,,,,,,,,,
;;;;;;;;;;;;;,,,,,,,,,,,,
;;;;;;;;;;;;;,,,,,,,,,,,,
;;;;;;;;;;;;;,,,,,,,,,,,,
;;;;;;;;;;;;;,,,,,,,,,,,,
;;;;;;;;;;;;;,,,,,,,,,,,,
;;;;;;;;;;;;;,,,,,,,,,,,,
;;;;;;;;;;;;;,,,,,,,,,,,,
;;;;;;;;;;;;;,,,,,,,,,,,,
;;;;;;;;;;;;;,,,,,,,,,,,,
;;;;;;;;;;;;;,,,,,,,,,,,,
;;;;;;;;;;;;;,,,,,,,,,,,,
;;;;;;;;;;;;;,,,,,,,,,,,,
;;;;;;;;;;;;;,,,,,,,,,,,,
;;;;;;;;;;;;;,,,,,,,,,,,,
;;;;;;;;;;;;;,,,,,,,,,,,,
;;;;;;;;;;;;;,,,,,,,,,,,,
;;;;;;;;;;;;;,,,,,,,,,,,,
;;;;;;;;;;;;;,,,,,,,,,,,,
;;;;;;;;;;;;;,,,,,,,,,,,,
;;;;;;;;;;;;;,,,,,,,,,,,,
;;;;;;;;;;;;;,,,,,,,,,,,,
;;;;;;;;;;;;;,,,,,,,,,,,,
;;;;;;;;;;;;;,,,,,,,,,,,,
;;;;;;;;;;;;;,,,,,,,,,,,,
;;;;;;;;;;;;;,,,,,,,,,,,,
;;;;;;;;;;;;;,,,,,,,,,,,,
;;;;;;;;;;;;;,,,,,,,,,,,,
;;;;;;;;;;;;;,,,,,,,,,,,,
;;;;;;;;;;;;;,,,,,,,,,,,,
;;;;;;;;;;;;;,,,,,,,,,,,,
;;;;;;;;;;;;;,,,,,,,,,,,,
;;;;;;;;;;;;;,,,,,,,,,,,,
;;;;;;;;;;;;;,,,,,,,,,,,,
;;;;;;;;;;;;;,,,,,,,,,,,,
;;;;;;;;;;;;;,,,,,,,,,,,,
;;;;;;;;;;;;;,,,,,,,,,,,,
;;;;;;;;;;;;;,,,,,,,,,,,,
;;;;;;;;;;;;;,,,,,,,,,,,,
;;;;;;;;;;;;;,,,,,,,,,,,,
;;;;;;;;;;;;;,,,,,,,,,,,,
;;;;;;;;;;;;;,,,,,,,,,,,,
;;;;;;;;;;;;;,,,,,,,,,,,,
;;;;;;;;;;;;;,,,,,,,,,,,,
;;;;;;;;;;;;;,,,,,,,,,,,,
;;;;;;;;;;;;;,,,,,,,,,,,,
;;;;;;;;;;;;;,,,,,,,,,,,,
;;;;;;;;;;;;;,,,,,,,,,,,,
;;;;;;;;;;;;;,,,,,,,,,,,,
;;;;;;;;;;;;;,,,,,,,,,,,,
;;;;;;;;;;;;;,,,,,,,,,,,,
;;;;;;;;;;;;;,,,,,,,,,,,,
;;;;;;;;;;;;;,,,,,,,,,,,,
;;;;;;;;;;;;;,,,,,,,,,,,,
;;;;;;;;;;;;;,,,,,,,,,,,,
;;;;;;;;;;;;;,,,,,,,,,,,,
;;;;;;;;;;;;;,,,,,,,,,,,,
;;;;;;;;;;;;;,,,,,,,,,,,,
;;;;;;;;;;;;;,,,,,,,,,,,,
;;;;;;;;;;;;;,,,,,,,,,,,,
;;;;;;;;;;;;;,,,,,,,,,,,,
;;;;;;;;;;;;;,,,,,,,,,,,,
;;;;;;;;;;;;;,,,,,,,,,,,,
;;;;;;;;;;;;;,,,,,,,,,,,,
;;;;;;;;;;;;;,,,,,,,,,,,,
;;;;;;;;;;;;;,,,,,,,,,,,,
;;;;;;;;;;;;;,,,,,,,,,,,,
;;;;;;;;;;;;;,,,,,,,,,,,,
;;;;;;;;;;;;;,,,,,,,,,,,,
;;;;;;;;;;;;;,,,,,,,,,,,,
;;;;;;;;;;;;;,,,,,,,,,,,,
;;;;;;;;;;;;;,,,,,,,,,,,,
;;;;;;;;;;;;;,,,,,,,,,,,,
;;;;;;;;;;;;;,,,,,,,,,,,,
;;;;;;;;;;;;;,,,,,,,,,,,,
;;;;;;;;;;;;;,,,,,,,,,,,,
;;;;;;;;;;;;;,,,,,,,,,,,,
;;;;;;;;;;;;;,,,,,,,,,,,,
;;;;;;;;;;;;;,,,,,,,,,,,,
;;;;;;;;;;;;;,,,,,,,,,,,,
;;;;;;;;;;;;;,,,,,,,,,,,,
;;;;;;;;;;;;;,,,,,,,,,,,,
;;;;;;;;;;;;;,,,,,,,,,,,,
;;;;;;;;;;;;;,,,,,,,,,,,,
;;;;;;;;;;;;;,,,,,,,,,,,,
;;;;;;;;;;;;;,,,,,,,,,,,,
;;;;;;;;;;;;;,,,,,,,,,,,,
;;;;;;;;;;;;;,,,,,,,,,,,,
;;;;;;;;;;;;;,,,,,,,,,,,,
;;;;;;;;;;;;;,,,,,,,,,,,,
;;;;;;;;;;;;;,,,,,,,,,,,,
;;;;;;;;;;;;;,,,,,,,,,,,,
;;;;;;;;;;;;;,,,,,,,,,,,,
;;;;;;;;;;;;;,,,,,,,,,,,,
;;;;;;;;;;;;;,,,,,,,,,,,,
;;;;;;;;;;;;;,,,,,,,,,,,,
;;;;;;;;;;;;;,,,,,,,,,,,,
;;;;;;;;;;;;;,,,,,,,,,,,,
;;;;;;;;;;;;;,,,,,,,,,,,,
;;;;;;;;;;;;;,,,,,,,,,,,,
;;;;;;;;;;;;;,,,,,,,,,,,,
;;;;;;;;;;;;;,,,,,,,,,,,,
;;;;;;;;;;;;;,,,,,,,,,,,,
;;;;;;;;;;;;;,,,,,,,,,,,,
;;;;;;;;;;;;;,,,,,,,,,,,,
;;;;;;;;;;;;;,,,,,,,,,,,,
;;;;;;;;;;;;;,,,,,,,,,,,,
;;;;;;;;;;;;;,,,,,,,,,,,,
;;;;;;;;;;;;;,,,,,,,,,,,,
;;;;;;;;;;;;;,,,,,,,,,,,,
;;;;;;;;;;;;;,,,,,,,,,,,,
;;;;;;;;;;;;;,,,,,,,,,,,,
;;;;;;;;;;;;;,,,,,,,,,,,,
;;;;;;;;;;;;;,,,,,,,,,,,,
;;;;;;;;;;;;;,,,,,,,,,,,,
;;;;;;;;;;;;;,,,,,,,,,,,,
;;;;;;;;;;;;;,,,,,,,,,,,,
;;;;;;;;;;;;;,,,,,,,,,,,,
;;;;;;;;;;;;;,,,,,,,,,,,,
;;;;;;;;;;;;;,,,,,,,,,,,,
;;;;;;;;;;;;;,,,,,,,,,,,,
;;;;;;;;;;;;;,,,,,,,,,,,,
;;;;;;;;;;;;;,,,,,,,,,,,,
;;;;;;;;;;;;;,,,,,,,,,,,,
;;;;;;;;;;;;;,,,,,,,,,,,,
;;;;;;;;;;;;;,,,,,,,,,,,,
;;;;;;;;;;;;;,,,,,,,,,,,,
;;;;;;;;;;;;;,,,,,,,,,,,,
;;;;;;;;;;;;;,,,,,,,,,,,,
;;;;;;;;;;;;;,,,,,,,,,,,,
;;;;;;;;;;;;;,,,,,,,,,,,,
;;;;;;;;;;;;;,,,,,,,,,,,,
;;;;;;;;;;;;;,,,,,,,,,,,,
;;;;;;;;;;;;;,,,,,,,,,,,,
;;;;;;;;;;;;;,,,,,,,,,,,,
;;;;;;;;;;;;;,,,,,,,,,,,,
;;;;;;;;;;;;;,,,,,,,,,,,,
;;;;;;;;;;;;;,,,,,,,,,,,,
;;;;;;;;;;;;;,,,,,,,,,,,,
;;;;;;;;;;;;;,,,,,,,,,,,,
;;;;;;;;;;;;;,,,,,,,,,,,,
;;;;;;;;;;;;;,,,,,,,,,,,,
;;;;;;;;;;;;;,,,,,,,,,,,,
;;;;;;;;;;;;;,,,,,,,,,,,,
;;;;;;;;;;;;;,,,,,,,,,,,,
;;;;;;;;;;;;;,,,,,,,,,,,,
;;;;;;;;;;;;;,,,,,,,,,,,,
;;;;;;;;;;;;;,,,,,,,,,,,,
;;;;;;;;;;;;;,,,,,,,,,,,,
;;;;;;;;;;;;;,,,,,,,,,,,,
;;;;;;;;;;;;;,,,,,,,,,,,,
;;;;;;;;;;;;;,,,,,,,,,,,,
;;;;;;;;;;;;;,,,,,,,,,,,,
;;;;;;;;;;;;;,,,,,,,,,,,,
;;;;;;;;;;;;;,,,,,,,,,,,,
;;;;;;;;;;;;;,,,,,,,,,,,,
;;;;;;;;;;;;;,,,,,,,,,,,,
;;;;;;;;;;;;;,,,,,,,,,,,,
;;;;;;;;;;;;;,,,,,,,,,,,,
;;;;;;;;;;;;;,,,,,,,,,,,,
;;;;;;;;;;;;;,,,,,,,,,,,,
;;;;;;;;;;;;;,,,,,,,,,,,,
;;;;;;;;;;;;;,,,,,,,,,,,,
;;;;;;;;;;;;;,,,,,,,,,,,,
;;;;;;;;;;;;;,,,,,,,,,,,,
;;;;;;;;;;;;;,,,,,,,,,,,,
;;;;;;;;;;;;;,,,,,,,,,,,,
;;;;;;;;;;;;;,,,,,,,,,,,,
;;;;;;;;;;;;;,,,,,,,,,,,,
;;;;;;;;;;;;;,,,,,,,,,,,,
;;;;;;;;;;;;;,,,,,,,,,,,,
;;;;;;;;;;;;;,,,,,,,,,,,,
;;;;;;;;;;;;;,,,,,,,,,,,,
;;;;;;;;;;;;;,,,,,,,,,,,,
;;;;;;;;;;;;;,,,,,,,,,,,,
;;;;;;;;;;;;;,,,,,,,,,,,,
;;;;;;;;;;;;;,,,,,,,,,,,,
;;;;;;;;;;;;;,,,,,,,,,,,,
;;;;;;;;;;;;;,,,,,,,,,,,,
;;;;;;;;;;;;;,,,,,,,,,,,,
;;;;;;;;;;;;;,,,,,,,,,,,,
;;;;;;;;;;;;;,,,,,,,,,,,,
;;;;;;;;;;;;;,,,,,,,,,,,,
;;;;;;;;;;;;;,,,,,,,,,,,,
;;;;;;;;;;;;;,,,,,,,,,,,,
;;;;;;;;;;;;;,,,,,,,,,,,,
;;;;;;;;;;;;;,,,,,,,,,,,,
;;;;;;;;;;;;;,,,,,,,,,,,,
;;;;;;;;;;;;;,,,,,,,,,,,,
;;;;;;;;;;;;;,,,,,,,,,,,,
;;;;;;;;;;;;;,,,,,,,,,,,,
;;;;;;;;;;;;;,,,,,,,,,,,,
;;;;;;;;;;;;;,,,,,,,,,,,,
;;;;;;;;;;;;;,,,,,,,,,,,,
;;;;;;;;;;;;;,,,,,,,,,,,,
;;;;;;;;;;;;;,,,,,,,,,,,,
;;;;;;;;;;;;;,,,,,,,,,,,,
;;;;;;;;;;;;;,,,,,,,,,,,,
;;;;;;;;;;;;;,,,,,,,,,,,,
;;;;;;;;;;;;;,,,,,,,,,,,,
;;;;;;;;;;;;;,,,,,,,,,,,,
;;;;;;;;;;;;;,,,,,,,,,,,,
;;;;;;;;;;;;;,,,,,,,,,,,,
;;;;;;;;;;;;;,,,,,,,,,,,,
;;;;;;;;;;;;;,,,,,,,,,,,,
;;;;;;;;;;;;;,,,,,,,,,,,,
;;;;;;;;;;;;;,,,,,,,,,,,,
;;;;;;;;;;;;;,,,,,,,,,,,,
;;;;;;;;;;;;;,,,,,,,,,,,,
;;;;;;;;;;;;;,,,,,,,,,,,,
;;;;;;;;;;;;;,,,,,,,,,,,,
;;;;;;;;;;;;;,,,,,,,,,,,,
;;;;;;;;;;;;;,,,,,,,,,,,,
;;;;;;;;;;;;;,,,,,,,,,,,,
;;;;;;;;;;;;;,,,,,,,,,,,,
;;;;;;;;;;;;;,,,,,,,,,,,,
;;;;;;;;;;;;;,,,,,,,,,,,,
;;;;;;;;;;;;;,,,,,,,,,,,,
;;;;;;;;;;;;;,,,,,,,,,,,,
;;;;;;;;;;;;;,,,,,,,,,,,,
;;;;;;;;;;;;;,,,,,,,,,,,,
;;;;;;;;;;;;;,,,,,,,,,,,,
;;;;;;;;;;;;;,,,,,,,,,,,,
;;;;;;;;;;;;;,,,,,,,,,,,,
;;;;;;;;;;;;;,,,,,,,,,,,,
;;;;;;;;;;;;;,,,,,,,,,,,,
;;;;;;;;;;;;;,,,,,,,,,,,,
;;;;;;;;;;;;;,,,,,,,,,,,,
;;;;;;;;;;;;;,,,,,,,,,,,,
;;;;;;;;;;;;;,,,,,,,,,,,,
;;;;;;;;;;;;;,,,,,,,,,,,,
;;;;;;;;;;;;;,,,,,,,,,,,,
;;;;;;;;;;;;;,,,,,,,,,,,,
;;;;;;;;;;;;;,,,,,,,,,,,,
;;;;;;;;;;;;;,,,,,,,,,,,,
;;;;;;;;;;;;;,,,,,,,,,,,,
;;;;;;;;;;;;;,,,,,,,,,,,,
;;;;;;;;;;;;;,,,,,,,,,,,,
;;;;;;;;;;;;;,,,,,,,,,,,,
;;;;;;;;;;;;;,,,,,,,,,,,,
;;;;;;;;;;;;;,,,,,,,,,,,,
;;;;;;;;;;;;;,,,,,,,,,,,,
;;;;;;;;;;;;;,,,,,,,,,,,,
;;;;;;;;;;;;;,,,,,,,,,,,,
;;;;;;;;;;;;;,,,,,,,,,,,,
;;;;;;;;;;;;;,,,,,,,,,,,,
;;;;;;;;;;;;;,,,,,,,,,,,,
